{"cameraMode":{"drawMode":0,"name":"Shaded","section":"Shading Mode"},"sceneLighting":false,"audioPlay":false,"sceneViewState":{"m_AlwaysRefresh":false,"showFog":true,"showSkybox":true,"showFlares":true,"showImageEffects":true,"showParticleSystems":true,"showVisualEffectGraphs":true,"m_FxEnabled":true},"in2DMode":false,"pivot":{"x":-10.584761619567871,"y":1.1266649961471558,"z":-8.386564254760743},"rotation":{"x":0.030416658148169519,"y":0.4347460865974426,"z":0.014958797954022885,"w":-0.9001140594482422},"size":9.398860931396485,"orthographic":false}