{"cameraMode":{"drawMode":0,"name":"Shaded","section":"Shading Mode"},"sceneLighting":false,"audioPlay":false,"sceneViewState":{"m_AlwaysRefresh":false,"showFog":true,"showSkybox":true,"showFlares":true,"showImageEffects":true,"showParticleSystems":true,"showVisualEffectGraphs":true,"m_FxEnabled":true},"in2DMode":false,"pivot":{"x":13.080826759338379,"y":6.898104190826416,"z":33.17284393310547},"rotation":{"x":-0.00500175915658474,"y":0.7864404916763306,"z":-0.6179681420326233,"w":-0.006824626587331295},"size":2.2219676971435549,"orthographic":false}