{"cameraMode":{"drawMode":0,"name":"Shaded","section":"Shading Mode"},"sceneLighting":false,"audioPlay":false,"sceneViewState":{"m_AlwaysRefresh":false,"showFog":true,"showSkybox":true,"showFlares":true,"showImageEffects":true,"showParticleSystems":true,"showVisualEffectGraphs":true,"m_FxEnabled":true},"in2DMode":false,"pivot":{"x":-13.39997673034668,"y":-1.723349928855896,"z":0.17426329851150514},"rotation":{"x":-0.002534491242840886,"y":-0.8473237156867981,"z":0.5313510298728943,"w":-0.004020700231194496},"size":12.124356269836426,"orthographic":false}