{"cameraMode":{"drawMode":0,"name":"Shaded","section":"Shading Mode"},"sceneLighting":true,"audioPlay":false,"sceneViewState":{"m_AlwaysRefresh":false,"showFog":true,"showSkybox":true,"showFlares":true,"showImageEffects":true,"showParticleSystems":true,"showVisualEffectGraphs":true,"m_FxEnabled":true},"in2DMode":false,"pivot":{"x":-39.26893615722656,"y":1.4582782983779908,"z":9.465082168579102},"rotation":{"x":-0.048010505735874179,"y":-0.9071406722068787,"z":0.4020518362522125,"w":-0.1230463907122612},"size":0.12197267264127732,"orthographic":false}