{"cameraMode":{"drawMode":0,"name":"Shaded","section":"Shading Mode"},"sceneLighting":true,"audioPlay":false,"sceneViewState":{"m_AlwaysRefresh":false,"showFog":true,"showSkybox":true,"showFlares":true,"showImageEffects":true,"showParticleSystems":true,"showVisualEffectGraphs":true,"m_FxEnabled":true},"in2DMode":false,"pivot":{"x":-7.780478477478027,"y":1.9272898435592652,"z":-1.7260198593139649},"rotation":{"x":-0.21830256283283235,"y":0.28661131858825686,"z":-0.06742746382951737,"w":-0.9309214949607849},"size":1.6948298215866089,"orthographic":false}