{"cameraMode":{"drawMode":0,"name":"Shaded","section":"Shading Mode"},"sceneLighting":true,"audioPlay":false,"sceneViewState":{"m_AlwaysRefresh":false,"showFog":true,"showSkybox":true,"showFlares":true,"showImageEffects":true,"showParticleSystems":true,"showVisualEffectGraphs":true,"m_FxEnabled":true},"in2DMode":false,"pivot":{"x":37.4569091796875,"y":1.8479995727539063,"z":14.998000144958496},"rotation":{"x":-0.01383296400308609,"y":0.966991662979126,"z":-0.25746220350265505,"w":-0.023541724309325219},"size":0.3516128957271576,"orthographic":false}