{"cameraMode":{"drawMode":0,"name":"Shaded","section":"Shading Mode"},"sceneLighting":true,"audioPlay":false,"sceneViewState":{"m_AlwaysRefresh":false,"showFog":true,"showSkybox":true,"showFlares":true,"showImageEffects":true,"showParticleSystems":true,"showVisualEffectGraphs":true,"m_FxEnabled":true},"in2DMode":false,"pivot":{"x":13.223464012145996,"y":2.943169355392456,"z":29.07760238647461},"rotation":{"x":-0.13422641158103944,"y":-0.8293488621711731,"z":0.24416016042232514,"w":-0.48620015382766726},"size":0.14379143714904786,"orthographic":false}