{"cameraMode":{"drawMode":0,"name":"Shaded","section":"Shading Mode"},"sceneLighting":false,"audioPlay":false,"sceneViewState":{"m_AlwaysRefresh":false,"showFog":true,"showSkybox":true,"showFlares":true,"showImageEffects":true,"showParticleSystems":true,"showVisualEffectGraphs":true,"m_FxEnabled":true},"in2DMode":false,"pivot":{"x":-6.508779525756836,"y":-4.3012871742248539,"z":0.9024772047996521},"rotation":{"x":0.04564639925956726,"y":-0.920998752117157,"z":0.11358588933944702,"w":0.37023237347602847},"size":13.971829414367676,"orthographic":false}