{"cameraMode":{"drawMode":0,"name":"Shaded","section":"Shading Mode"},"sceneLighting":false,"audioPlay":false,"sceneViewState":{"m_AlwaysRefresh":false,"showFog":true,"showSkybox":true,"showFlares":true,"showImageEffects":true,"showParticleSystems":true,"showVisualEffectGraphs":true,"m_FxEnabled":true},"in2DMode":false,"pivot":{"x":-1.2688305377960206,"y":-10.982146263122559,"z":-3.400822401046753},"rotation":{"x":0.056354064494371417,"y":-0.9430747032165527,"z":0.25007906556129458,"w":0.21259145438671113},"size":13.971829414367676,"orthographic":false}