{"cameraMode":{"drawMode":0,"name":"Shaded","section":"Shading Mode"},"sceneLighting":false,"audioPlay":false,"sceneViewState":{"m_AlwaysRefresh":false,"showFog":true,"showSkybox":true,"showFlares":true,"showImageEffects":true,"showParticleSystems":true,"showVisualEffectGraphs":true,"m_FxEnabled":true},"in2DMode":false,"pivot":{"x":-40.463191986083987,"y":-27.949111938476564,"z":30.334213256835939},"rotation":{"x":0.502940833568573,"y":0.006751515436917543,"z":-0.0052484748885035519,"w":0.8647409081459045},"size":25.359004974365236,"orthographic":false}