{"cameraMode":{"drawMode":0,"name":"Shaded","section":"Shading Mode"},"sceneLighting":false,"audioPlay":false,"sceneViewState":{"m_AlwaysRefresh":false,"showFog":true,"showSkybox":true,"showFlares":true,"showImageEffects":true,"showParticleSystems":true,"showVisualEffectGraphs":true,"m_FxEnabled":true},"in2DMode":false,"pivot":{"x":174.20538330078126,"y":112.17997741699219,"z":3.444488525390625},"rotation":{"x":-0.1262102574110031,"y":0.030942559242248536,"z":-0.003938551526516676,"w":-0.9915112853050232},"size":234.07290649414063,"orthographic":false}