{"cameraMode":{"drawMode":0,"name":"Shaded","section":"Shading Mode"},"sceneLighting":false,"audioPlay":false,"sceneViewState":{"m_AlwaysRefresh":false,"showFog":true,"showSkybox":true,"showFlares":true,"showImageEffects":true,"showParticleSystems":true,"showVisualEffectGraphs":true,"m_FxEnabled":true},"in2DMode":false,"pivot":{"x":-13.921380996704102,"y":-15.112106323242188,"z":-11.548893928527832},"rotation":{"x":0.045054733753204349,"y":-0.9466853737831116,"z":0.27992329001426699,"w":0.15433081984519959},"size":46.0204963684082,"orthographic":false}