{"cameraMode":{"drawMode":0,"name":"Shaded","section":"Shading Mode"},"sceneLighting":false,"audioPlay":false,"sceneViewState":{"m_AlwaysRefresh":false,"showFog":true,"showSkybox":false,"showFlares":true,"showImageEffects":true,"showParticleSystems":true,"showVisualEffectGraphs":true,"m_FxEnabled":true},"in2DMode":false,"pivot":{"x":-0.02393728494644165,"y":0.9233106374740601,"z":-0.042414359748363498},"rotation":{"x":-0.05297725647687912,"y":-0.2385430485010147,"z":0.013133298605680466,"w":-0.9697487354278565},"size":1.334627628326416,"orthographic":false}