{"cameraMode":{"drawMode":0,"name":"Shaded","section":"Shading Mode"},"sceneLighting":false,"audioPlay":false,"sceneViewState":{"m_AlwaysRefresh":false,"showFog":true,"showSkybox":false,"showFlares":true,"showImageEffects":true,"showParticleSystems":true,"showVisualEffectGraphs":true,"m_FxEnabled":true},"in2DMode":false,"pivot":{"x":344.8372497558594,"y":219.26722717285157,"z":61.1478157043457},"rotation":{"x":-0.00004571419776766561,"y":0.9941462874412537,"z":-0.08779370039701462,"w":0.07385621219873429},"size":0.061340123414993289,"orthographic":false}